month,calendar_year,demand_notice_deposits_B,fixed_term_deposits_B,total_deposits_B,all_12_months_flag,cpi_all_items,boc_bank_rate,boc_target_rate
1996-01-31,1996,0.0,94442.784,94442.784,True,89.89,4.597741935483871,4.42
1996-02-29,1996,0.0,96952.305,96952.305,True,90.06,4.271379310344828,4.193448275862069
1996-03-31,1996,0.0,95433.179,95433.179,True,90.37,4.114516129032258,3.9238709677419354
1996-04-30,1996,0.0,89325.381,89325.381,True,90.66,4.143,3.8553333333333333
1996-05-31,1996,0.0,93360.359,93360.359,True,90.91,4.065806451612903,3.882903225806452
1996-06-30,1996,0.0,94354.714,94354.714,True,90.83,3.7933333333333334,3.63
1996-07-31,1996,0.0,91802.142,91802.142,True,90.92999999999999,3.993225806451613,3.7019354838709675
1996-08-31,1996,0.0,94580.684,94580.684,True,90.97,3.586129032258065,3.407741935483871
1996-09-30,1996,0.0,95592.854,95592.854,True,91.08,3.3890000000000002,3.13
1996-10-31,1996,0.0,90684.954,90684.954,True,91.27000000000001,3.2029032258064514,2.951935483870968
1996-11-30,1996,0.0,96115.281,96115.281,True,91.72999999999999,2.7306666666666666,2.5050000000000003
1996-12-31,1996,0.0,100699.188,100699.188,True,91.71000000000001,2.7070967741935483,2.4287096774193544
1997-01-31,1997,0.0,95661.353,95661.353,True,91.86,2.7674193548387094,2.5325806451612904
1997-02-28,1997,0.0,108390.222,108390.222,True,92.03,2.7157142857142853,2.54
1997-03-31,1997,0.0,110117.802,110117.802,True,92.25,2.646774193548387,2.4287096774193544
1997-04-30,1997,0.0,98381.109,98381.109,True,92.25,2.751333333333333,2.570666666666667
1997-05-31,1997,0.0,105493.237,105493.237,True,92.34,2.7070967741935483,2.480645161290323
1997-06-30,1997,0.0,111511.125,111511.125,True,92.53999999999999,2.714,2.5420000000000003
1997-07-31,1997,0.0,101010.854,101010.854,True,92.49,2.9529032258064514,2.71
1997-08-31,1997,0.0,105629.544,105629.544,True,92.64,2.8161290322580643,2.6500000000000004
1997-09-30,1997,0.0,104982.185,104982.185,True,92.65,2.9346666666666663,2.692
1997-10-31,1997,0.0,100824.602,100824.602,True,92.7,3.1383870967741934,2.88741935483871
1997-11-30,1997,0.0,109753.337,109753.337,True,92.55,2.993333333333333,2.7596666666666665
1997-12-31,1997,0.0,126101.117,126101.117,True,92.42999999999999,3.5496774193548384,3.182258064516129
1998-01-31,1998,0.0,118655.729,118655.729,True,92.66666666666667,3.6103225806451613,3.343548387096774
1998-02-28,1998,0.0,117961.083,117961.083,True,92.8,3.9657142857142853,3.79
1998-03-31,1998,0.0,122580.065,122580.065,True,92.89999999999999,3.9490322580645163,3.774516129032258
1998-04-30,1998,0.0,115923.166,115923.166,True,92.83333333333333,4.034666666666666,3.7419999999999995
1998-05-31,1998,0.0,117379.153,117379.153,True,93.14166666666667,3.832258064516129,3.557741935483871
1998-06-30,1998,0.0,123837.38,123837.38,True,93.24166666666667,4.034666666666666,3.854
1998-07-31,1998,0.0,120309.632,120309.632,True,93.25,4.065806451612903,3.882903225806452
1998-08-31,1998,0.0,123484.52,123484.52,True,93.28333333333335,3.929032258064516,3.7629032258064514
1998-09-30,1998,0.0,123817.483,123817.483,True,93.14166666666667,4.751333333333333,4.425333333333333
1998-10-31,1998,0.0,119809.679,119809.679,True,93.425,4.39258064516129,4.0854838709677415
1998-11-30,1998,0.0,124389.331,124389.331,True,93.41666666666667,4.189,3.8883333333333336
1998-12-31,1998,0.0,128274.769,128274.769,True,93.13333333333333,4.251290322580645,3.8354838709677415
1999-01-31,1999,0.0,122945.641,122945.641,True,93.31666666666666,4.001612903225807,3.719032258064516
1999-02-28,1999,0.0,121417.1,121417.1,True,93.45833333333333,4.144285714285714,3.968571428571429
1999-03-31,1999,0.0,121613.897,121613.897,True,93.89166666666667,4.243225806451613,4.0603225806451615
1999-04-30,1999,0.0,119155.925,119155.925,True,94.35833333333333,4.034666666666666,3.7419999999999995
1999-05-31,1999,0.0,122669.24,122669.24,True,94.61666666666667,3.670967741935484,3.404516129032258
1999-06-30,1999,0.0,124303.412,124303.412,True,94.73333333333333,3.8513333333333333,3.670666666666667
1999-07-31,1999,0.0,119554.392,119554.392,True,94.94166666666666,3.7716129032258063,3.496774193548387
1999-08-31,1999,0.0,117907.872,117907.872,True,95.18333333333334,3.7716129032258063,3.597096774193548
1999-09-30,1999,0.0,122574.362,122574.362,True,95.46666666666665,3.8513333333333333,3.5669999999999997
1999-10-31,1999,0.0,117544.972,117544.972,True,95.49166666666667,3.6629032258064513,3.3964516129032254
1999-11-30,1999,0.0,121825.882,121825.882,True,95.35833333333333,3.9346666666666663,3.650333333333333
1999-12-31,1999,0.0,121366.497,121366.497,True,95.41666666666667,4.065806451612903,3.6661290322580644
2000-01-31,2000,0.0,122913.452,122913.452,True,95.25833333333333,3.832258064516129,3.6661290322580644
2000-02-29,2000,0.0,124709.387,124709.387,True,95.77499999999999,4.165172413793103,3.986896551724138
2000-03-31,2000,0.0,131350.156,131350.156,True,96.425,4.315806451612903,4.1329032258064515
2000-04-30,2000,0.0,132108.525,132108.525,True,96.16666666666667,4.126666666666667,3.963333333333333
2000-05-31,2000,0.0,129648.236,129648.236,True,96.60833333333333,4.614193548387097,4.4312903225806455
2000-06-30,2000,0.0,128428.699,128428.699,True,97.16666666666667,4.768,4.5873333333333335
2000-07-31,2000,0.0,131927.358,131927.358,True,97.44166666666666,4.509677419354839,4.343548387096774
2000-08-31,2000,0.0,129184.992,129184.992,True,97.35833333333333,4.807741935483871,4.6248387096774195
2000-09-30,2000,0.0,135418.107,135418.107,True,97.68333333333334,4.614,4.441999999999999
2000-10-31,2000,0.0,133792.225,133792.225,True,97.8,4.658709677419354,4.484193548387096
2000-11-30,2000,0.0,136195.256,136195.256,True,98.11666666666667,4.768,4.5873333333333335
2000-12-31,2000,0.0,137991.577,137991.577,True,98.15833333333335,4.509677419354839,4.343548387096774
2001-01-31,2001,0.0,141127.488,141127.488,True,97.81666666666666,4.751290322580645,4.5683870967741935
2001-02-28,2001,0.0,141589.968,141589.968,True,98.31666666666666,4.501428571428571,4.325714285714286
2001-03-31,2001,0.0,141218.867,141218.867,True,98.63333333333333,4.174838709677419,4.000322580645161
2001-04-30,2001,0.0,137380.99,137380.99,True,99.24166666666667,4.0056666666666665,3.8336666666666663
2001-05-31,2001,0.0,140224.589,140224.589,True,99.97500000000001,4.041612903225806,3.858709677419355
2001-06-30,2001,0.0,146091.07,146091.07,True,100.05,3.739,3.5669999999999997
2001-07-31,2001,0.0,137661.382,137661.382,True,99.89166666666667,3.682903225806452,3.5083870967741935
2001-08-31,2001,0.0,136761.146,136761.146,True,99.875,3.66258064516129,3.479677419354839
2001-09-30,2001,0.0,145898.377,145898.377,True,100.10833333333333,3.1266666666666665,2.963333333333333
2001-10-31,2001,0.0,141301.989,141301.989,True,99.64166666666667,2.969032258064516,2.7861290322580645
2001-11-30,2001,0.0,138612.779,138612.779,True,98.89166666666667,2.501333333333333,2.320666666666667
2001-12-31,2001,0.0,145558.458,145558.458,True,98.97500000000001,2.138709677419355,1.9725806451612902
2002-01-31,2002,0.0,146747.071,146747.071,True,99.175,2.1061290322580644,1.9232258064516128
2002-02-28,2002,0.0,148762.687,148762.687,True,99.81666666666666,2.0014285714285713,1.8257142857142856
2002-03-31,2002,0.0,148748.32,148748.32,True,100.47500000000001,1.9693548387096773,1.803225806451613
2002-04-30,2002,0.0,148539.714,148539.714,True,101.05833333333334,2.1096666666666666,1.9289999999999998
2002-05-31,2002,0.0,143402.61,143402.61,True,101.27499999999999,2.2109677419354834,2.028064516129032
2002-06-30,2002,0.0,150399.839,150399.839,True,101.55,2.2849999999999997,2.1216666666666666
2002-07-31,2002,0.0,155563.681,155563.681,True,102.14166666666667,2.493225806451613,2.3103225806451615
2002-08-31,2002,0.0,152831.532,152831.532,True,102.49166666666667,2.529677419354839,2.355161290322581
2002-09-30,2002,0.0,155037.9,155037.9,True,102.48333333333333,2.5140000000000002,2.342
2002-10-31,2002,0.0,140737.704,140737.704,True,102.72500000000001,2.5819354838709674,2.3990322580645165
2002-11-30,2002,0.0,148741.69,148741.69,True,103.03333333333335,2.5140000000000002,2.342
2002-12-31,2002,0.0,147899.247,147899.247,True,102.75833333333333,2.529677419354839,2.355161290322581
2003-01-31,2003,0.0,143189.131,143189.131,True,103.38333333333333,2.5819354838709674,2.3990322580645165
2003-02-28,2003,0.0,139913.857,139913.857,True,104.16666666666667,2.537142857142857,2.3614285714285717
2003-03-31,2003,0.0,141731.568,141731.568,True,104.50833333333333,2.638709677419355,2.4725806451612904
2003-04-30,2003,0.0,138634.474,138634.474,True,103.88333333333333,2.8513333333333333,2.670666666666667
2003-05-31,2003,0.0,141325.373,141325.373,True,103.96666666666665,2.8845161290322583,2.71
2003-06-30,2003,0.0,138094.059,138094.059,True,103.94166666666666,2.864,2.692
2003-07-31,2003,0.0,141846.444,141846.444,True,104.05833333333334,2.848064516129032,2.665161290322581
2003-08-31,2003,0.0,134994.183,134994.183,True,104.325,2.646774193548387,2.480645161290323
2003-09-30,2003,0.0,135595.396,135595.396,True,104.53333333333335,2.5846666666666662,2.4040000000000004
2003-10-31,2003,0.0,131164.374,131164.374,True,104.25,2.5819354838709674,2.3990322580645165
2003-11-30,2003,0.0,132453.964,132453.964,True,104.55,2.46,2.296666666666667
2003-12-31,2003,0.0,131359.113,131359.113,True,104.60000000000001,2.5819354838709674,2.3990322580645165
2004-01-31,2004,0.0,135448.074,135448.074,True,104.65833333333335,2.4570967741935483,2.2825806451612904
2004-02-29,2004,0.0,138950.432,138950.432,True,104.89166666666667,2.324827586206897,2.1555172413793104
2004-03-31,2004,0.0,133319.729,133319.729,True,105.25,2.219032258064516,2.0361290322580645
2004-04-30,2004,0.0,135814.915,135814.915,True,105.425,2.0846666666666667,1.904
2004-05-31,2004,0.0,134855.876,134855.876,True,106.26666666666667,1.9693548387096773,1.803225806451613
2004-06-30,2004,0.0,130387.555,130387.555,True,106.325,2.018,1.8373333333333333
2004-07-31,2004,0.0,131891.173,131891.173,True,106.25833333333333,1.9974193548387098,1.8229032258064515
2004-08-31,2004,0.0,132707.834,132707.834,True,106.04166666666667,1.9974193548387098,1.8229032258064515
2004-09-30,2004,0.0,129954.708,129954.708,True,106.20833333333333,2.1596666666666664,1.9789999999999999
2004-10-31,2004,0.0,128427.46,128427.46,True,106.39999999999999,2.2112903225806453,2.0451612903225804
2004-11-30,2004,0.0,130121.441,130121.441,True,106.82499999999999,2.3846666666666665,2.204
2004-12-31,2004,0.0,130613.142,130613.142,True,106.64166666666667,2.3964516129032254,2.2135483870967745
2005-01-31,2005,0.0,130939.375,130939.375,True,106.46666666666665,2.3080645161290323,2.141935483870968
2005-02-28,2005,0.0,132326.158,132326.158,True,106.89999999999999,2.358571428571428,2.182857142857143
2005-03-31,2005,0.0,131424.629,131424.629,True,107.49166666666667,2.3964516129032254,2.2135483870967745
2005-04-30,2005,0.0,132391.218,132391.218,True,107.68333333333334,2.339,2.1670000000000003
2005-05-31,2005,0.0,131710.282,131710.282,True,107.8,2.3522580645161293,2.177741935483871
2005-06-30,2005,0.0,134415.314,134415.314,True,108.0,2.3846666666666665,2.204
2005-07-31,2005,0.0,131430.772,131430.772,True,108.14999999999999,2.3080645161290323,2.141935483870968
2005-08-31,2005,0.0,130428.821,130428.821,True,108.55833333333334,2.3964516129032254,2.2135483870967745
2005-09-30,2005,0.0,129323.367,129323.367,True,109.35833333333333,2.5346666666666664,2.354
2005-10-31,2005,0.0,126737.745,126737.745,True,108.875,2.5580645161290323,2.391935483870968
2005-11-30,2005,0.0,131204.144,131204.144,True,108.80833333333334,2.751333333333333,2.570666666666667
2005-12-31,2005,0.0,129911.17,129911.17,True,108.69999999999999,2.8603225806451613,2.6858064516129034
2006-01-31,2006,0.0,128499.195,128499.195,True,109.13333333333333,2.932903225806452,2.758387096774194
2006-02-28,2006,0.0,130524.03,130524.03,True,109.01666666666667,3.0728571428571425,2.8971428571428572
2006-03-31,2006,0.0,131262.773,131262.773,True,109.61666666666667,3.2916129032258064,3.108709677419355
2006-04-30,2006,0.0,127008.174,127008.174,True,110.11666666666667,3.1599999999999997,2.996666666666667
2006-05-31,2006,0.0,128803.088,128803.088,True,110.60000000000001,3.557741935483871,3.3748387096774195
2006-06-30,2006,0.0,136070.459,136070.459,True,110.36666666666667,3.6679999999999997,3.4873333333333334
2006-07-31,2006,0.0,133667.845,133667.845,True,110.39999999999999,3.4935483870967743,3.3274193548387094
2006-08-31,2006,0.0,135518.675,135518.675,True,110.56666666666666,3.694838709677419,3.511935483870968
2006-09-30,2006,0.0,135857.849,135857.849,True,110.14999999999999,3.564,3.392
2006-10-31,2006,0.0,135088.406,135088.406,True,109.95,3.594193548387097,3.4196774193548385
2006-11-30,2006,0.0,140690.861,140690.861,True,110.24166666666667,3.6679999999999997,3.4873333333333334
2006-12-31,2006,0.0,150362.203,150362.203,True,110.30833333333334,3.4935483870967743,3.3274193548387094
2007-01-31,2007,0.0,147897.755,147897.755,True,110.33333333333333,3.694838709677419,3.511935483870968
2007-02-28,2007,0.0,151726.081,151726.081,True,111.10833333333333,3.608571428571428,3.432857142857143
2007-03-31,2007,0.0,146936.051,146936.051,True,111.96666666666665,3.594193548387097,3.4196774193548385
2007-04-30,2007,0.0,142508.679,142508.679,True,112.33333333333333,3.564,3.392
2007-05-31,2007,0.0,146543.226,146543.226,True,112.825,3.694838709677419,3.511935483870968
2007-06-30,2007,0.0,149678.3,149678.3,True,112.63333333333333,3.564,3.392
2007-07-31,2007,0.0,151868.975,151868.975,True,112.70833333333333,3.723225806451613,3.5487096774193545
2007-08-31,2007,0.0,156546.954,156546.954,True,112.44166666666666,3.880322580645161,3.69741935483871
2007-09-30,2007,0.0,157144.848,157144.848,True,112.7,3.6266666666666665,3.463333333333333
2007-10-31,2007,0.0,154381.06,154381.06,True,112.375,3.880322580645161,3.69741935483871
2007-11-30,2007,0.0,164124.081,164124.081,True,112.61666666666667,3.8513333333333333,3.670666666666667
2007-12-31,2007,0.0,159214.144,159214.144,True,112.60833333333333,3.5016129032258063,3.3354838709677415
2008-01-31,2008,0.0,162385.48,162385.48,True,112.35000000000001,3.630322580645161,3.44741935483871
2008-02-29,2008,0.0,159804.383,159804.383,True,112.78333333333332,3.458275862068965,3.2800000000000002
2008-03-31,2008,0.0,161355.677,161355.677,True,113.18333333333334,3.0016129032258063,2.835483870967742
2008-04-30,2008,0.0,156488.434,156488.434,True,113.93333333333334,3.001333333333333,2.820666666666667
2008-05-31,2008,0.0,153792.608,153792.608,True,114.90833333333335,2.7070967741935483,2.5325806451612904
2008-06-30,2008,0.0,147897.116,147897.116,True,115.55833333333334,2.689,2.5170000000000003
2008-07-31,2008,0.0,145912.709,145912.709,True,115.90833333333335,2.7674193548387094,2.584516129032258
2008-08-31,2008,0.0,148717.821,148717.821,True,115.75833333333333,2.646774193548387,2.480645161290323
2008-09-30,2008,0.0,147225.066,147225.066,True,115.89999999999999,2.751333333333333,2.570666666666667
2008-10-31,2008,0.0,147558.333,147558.333,True,114.80833333333334,2.404516129032258,2.2216129032258065
2008-11-30,2008,0.0,145615.911,145615.911,True,114.64166666666667,2.1266666666666665,1.9633333333333334
2008-12-31,2008,0.0,146068.13,146068.13,True,113.93333333333334,1.7996774193548386,1.616774193548387
2009-01-31,2009,86834.69,139548.401,226383.091,True,113.5,1.4974193548387098,1.3229032258064515
2009-02-28,2009,87910.546,134647.639,222558.185,True,114.28333333333335,1.2871428571428571,1.1114285714285714
2009-03-31,2009,88850.711,132260.448,221111.159,True,114.56666666666666,0.9490322580645161,0.774516129032258
2009-04-30,2009,91108.284,130804.013,221912.297,True,114.5,0.8513333333333333,0.6706666666666666
2009-05-31,2009,92287.068,125657.292,217944.36,True,115.325,0.7838709677419354,0.6177419354838709
2009-06-30,2009,97301.256,121314.402,218615.658,True,115.64999999999999,0.7346666666666667,0.5539999999999999
2009-07-31,2009,97867.345,116359.947,214227.292,True,115.27499999999999,0.7270967741935483,0.5441935483870967
2009-08-31,2009,98472.711,116758.342,215231.053,True,115.325,0.7838709677419354,0.6177419354838709
2009-09-30,2009,101329.771,118182.129,219511.9,True,115.34166666666665,0.7346666666666667,0.5539999999999999
2009-10-31,2009,102509.248,120607.935,223117.183,True,115.26666666666667,0.7554838709677418,0.5809677419354838
2009-11-30,2009,106609.859,122062.361,228672.22,True,115.89999999999999,0.7639999999999999,0.592
2009-12-31,2009,106633.768,120871.779,227505.547,True,115.38333333333333,0.7270967741935483,0.5441935483870967
2010-01-31,2010,105863.924,118404.683,224268.607,True,115.64999999999999,0.7838709677419354,0.6177419354838709
2010-02-28,2010,105882.318,117861.218,223743.536,True,116.22500000000001,0.7514285714285714,0.5757142857142856
2010-03-31,2010,105731.631,115924.19,221655.821,True,116.22500000000001,0.7270967741935483,0.5441935483870967
2010-04-30,2010,110474.749,116317.94,226792.689,True,116.60000000000001,0.7346666666666667,0.5539999999999999
2010-05-31,2010,112294.59,122053.149,234347.739,True,116.89166666666667,0.7838709677419354,0.6177419354838709
2010-06-30,2010,111866.175,126024.046,237890.221,True,116.72500000000001,0.9179999999999999,0.7373333333333333
2010-07-31,2010,111065.219,127036.971,238102.19,True,117.29166666666667,1.0054838709677418,0.8309677419354838
2010-08-31,2010,110907.53,130549.119,241456.649,True,117.23333333333333,1.1103225806451613,0.9358064516129032
2010-09-30,2010,112215.584,132564.092,244779.676,True,117.43333333333334,1.2429999999999999,1.0623333333333334
2010-10-31,2010,112578.879,134092.228,246671.107,True,117.925,1.2919354838709676,1.1258064516129032
2010-11-30,2010,112108.619,132361.726,244470.345,True,118.10000000000001,1.2846666666666666,1.1039999999999999
2010-12-31,2010,114750.408,135885.528,250635.936,True,117.95,1.283548387096774,1.1006451612903225
2011-01-31,2011,114525.21,144457.318,258982.528,True,118.18333333333334,1.2919354838709676,1.1258064516129032
2011-02-28,2011,113617.319,143253.641,256870.96,True,118.55833333333334,1.2871428571428571,1.1114285714285714
2011-03-31,2011,114317.491,156375.788,270693.279,True,119.8,1.283548387096774,1.1006451612903225
2011-04-30,2011,117223.76,161378.302,278602.062,True,120.175,1.2890000000000001,1.117
2011-05-31,2011,118968.97,152444.063,271413.033,True,120.90833333333335,1.287741935483871,1.1132258064516127
2011-06-30,2011,120158.35,147032.763,267191.113,True,120.11666666666667,1.2846666666666666,1.1039999999999999
2011-07-31,2011,119098.223,142229.21,261327.433,True,120.29166666666667,1.2919354838709676,1.1258064516129032
2011-08-31,2011,119541.174,141098.798,260639.972,True,120.54166666666667,1.283548387096774,1.1006451612903225
2011-09-30,2011,123082.644,138994.456,262077.1,True,121.03333333333335,1.2846666666666666,1.1039999999999999
2011-10-31,2011,123600.224,131809.416,255409.64,True,121.2,1.2919354838709676,1.1258064516129032
2011-11-30,2011,120203.913,134175.764,254379.677,True,121.3,1.2846666666666666,1.1039999999999999
2011-12-31,2011,124293.194,136241.047,260534.241,True,120.5,1.287741935483871,1.1132258064516127
2012-01-31,2012,120799.695,137835.246,258634.941,True,120.99166666666667,1.287741935483871,1.1132258064516127
2012-02-29,2012,121322.337,138323.756,259646.093,True,121.52499999999999,1.2858620689655171,1.1075862068965516
2012-03-31,2012,120572.683,138703.98,259276.663,True,122.075,1.287741935483871,1.1132258064516127
2012-04-30,2012,121942.193,137611.614,259553.807,True,122.60000000000001,1.2890000000000001,1.117
2012-05-31,2012,122793.211,144347.964,267141.175,True,122.55833333333334,1.283548387096774,1.1006451612903225
2012-06-30,2012,122661.462,147776.192,270437.654,True,121.94166666666666,1.2890000000000001,1.117
2012-07-31,2012,122588.818,147002.301,269591.119,True,121.76666666666667,1.287741935483871,1.1132258064516127
2012-08-31,2012,123206.97,146807.457,270014.427,True,122.11666666666667,1.283548387096774,1.1006451612903225
2012-09-30,2012,124356.976,142875.524,267232.5,True,122.34166666666665,1.2933333333333332,1.13
2012-10-31,2012,124144.613,139337.222,263481.835,True,122.56666666666666,1.283548387096774,1.1006451612903225
2012-11-30,2012,125376.408,143371.474,268747.882,True,122.31666666666666,1.2846666666666666,1.1039999999999999
2012-12-31,2012,127687.664,146295.797,273983.461,True,121.58333333333333,1.2919354838709676,1.1258064516129032
2013-01-31,2013,126890.849,141994.06,268884.909,True,121.60000000000001,1.283548387096774,1.1006451612903225
2013-02-28,2013,127133.442,146553.483,273686.925,True,123.04166666666667,1.2871428571428571,1.1114285714285714
2013-03-31,2013,128721.502,147158.194,275879.696,True,123.28333333333335,1.2919354838709676,1.1258064516129032
2013-04-30,2013,129434.71,139720.062,269154.772,True,123.075,1.2846666666666666,1.1039999999999999
2013-05-31,2013,130077.389,147377.825,277455.214,True,123.34166666666665,1.283548387096774,1.1006451612903225
2013-06-30,2013,130519.32,151031.442,281550.762,True,123.33333333333333,1.2933333333333332,1.13
2013-07-31,2013,131456.567,143875.948,275332.515,True,123.39999999999999,1.283548387096774,1.1006451612903225
2013-08-31,2013,133918.529,151530.195,285448.724,True,123.425,1.287741935483871,1.1132258064516127
2013-09-30,2013,134695.682,151212.412,285908.094,True,123.60833333333333,1.2890000000000001,1.117
2013-10-31,2013,136138.664,142793.86,278932.524,True,123.44166666666666,1.283548387096774,1.1006451612903225
2013-11-30,2013,138074.056,149198.451,287272.507,True,123.36666666666667,1.2890000000000001,1.117
2013-12-31,2013,139762.246,147420.69,287182.936,True,123.01666666666667,1.287741935483871,1.1132258064516127
2014-01-31,2014,139997.714,141492.725,281490.439,True,123.3,1.283548387096774,1.1006451612903225
2014-02-28,2014,138933.085,148826.413,287759.498,True,124.375,1.2871428571428571,1.1114285714285714
2014-03-31,2014,140774.88,149604.253,290379.133,True,125.04166666666667,1.2919354838709676,1.1258064516129032
2014-04-30,2014,141745.566,143117.356,284862.922,True,125.375,1.2846666666666666,1.1039999999999999
2014-05-31,2014,143911.083,149126.707,293037.79,True,125.925,1.287741935483871,1.1132258064516127
2014-06-30,2014,144317.313,151032.603,295349.916,True,126.03333333333335,1.2890000000000001,1.117
2014-07-31,2014,145817.483,146624.41,292441.893,True,125.82499999999999,1.283548387096774,1.1006451612903225
2014-08-31,2014,147656.125,152071.07,299727.195,True,125.95,1.2919354838709676,1.1258064516129032
2014-09-30,2014,148896.357,153076.849,301973.206,True,126.09166666666668,1.2846666666666666,1.1039999999999999
2014-10-31,2014,149912.843,149312.239,299225.082,True,126.25,1.283548387096774,1.1006451612903225
2014-11-30,2014,151706.322,156892.997,308599.319,True,125.74166666666667,1.2933333333333332,1.13
2014-12-31,2014,154987.369,153945.376,308932.745,True,124.875,1.283548387096774,1.1006451612903225
2015-01-31,2015,156293.544,156049.047,312342.591,True,124.75833333333333,1.223225806451613,1.0487096774193547
2015-02-28,2015,156259.574,164752.78,321012.354,True,125.825,1.1085714285714285,0.9328571428571427
2015-03-31,2015,160023.262,164515.059,324538.321,True,126.75,1.1103225806451613,0.9358064516129032
2015-04-30,2015,159614.576,155011.563,314626.139,True,126.64999999999999,1.1013333333333333,0.9206666666666666
2015-05-31,2015,160113.623,162201.531,322315.154,True,127.35000000000001,1.1225806451612903,0.9564516129032258
2015-06-30,2015,162993.58,172004.72,334998.3,True,127.61666666666667,1.1013333333333333,0.9206666666666666
2015-07-31,2015,163841.71,169776.292,333618.002,True,127.7,0.9932258064516128,0.8103225806451612
2015-08-31,2015,165901.949,182383.886,348285.835,True,127.675,0.9532258064516128,0.7870967741935483
2015-09-30,2015,168718.972,188123.109,356842.081,True,127.59166666666665,0.9179999999999999,0.7373333333333333
2015-10-31,2015,168428.588,170547.227,338975.815,True,127.75,0.9329032258064516,0.7583870967741935
2015-11-30,2015,171177.896,189256.122,360434.018,True,127.56666666666666,0.939,0.7669999999999999
2015-12-31,2015,174707.934,185270.162,359978.096,True,126.95,0.9125806451612903,0.7296774193548387
2016-01-31,2016,174496.528,176320.582,350817.11,True,127.25833333333333,0.9532258064516128,0.7870967741935483
2016-02-29,2016,173754.117,197017.373,370771.49,True,127.66666666666667,0.9237931034482758,0.7455172413793103
2016-03-31,2016,173688.149,197026.456,370714.605,True,128.54166666666666,0.9125806451612903,0.7296774193548387
2016-04-30,2016,173868.564,169285.674,343154.238,True,128.89166666666668,0.939,0.7669999999999999
2016-05-31,2016,174964.36,200076.318,375040.678,True,129.43333333333334,0.9329032258064516,0.7583870967741935
2016-06-30,2016,179732.657,185499.609,365232.266,True,129.67499999999998,0.9179999999999999,0.7373333333333333
2016-07-31,2016,181063.544,183000.322,364063.866,True,129.43333333333334,0.9532258064516128,0.7870967741935483
2016-08-31,2016,183128.201,207906.391,391034.592,True,129.28333333333333,0.9125806451612903,0.7296774193548387
2016-09-30,2016,184591.028,210925.724,395516.752,True,129.43333333333334,0.9179999999999999,0.7373333333333333
2016-10-31,2016,185668.811,184722.107,370390.918,True,129.68333333333334,0.9532258064516128,0.7870967741935483
2016-11-30,2016,189817.272,205988.814,395806.086,True,129.15,0.9179999999999999,0.7373333333333333
2016-12-31,2016,200991.054,192908.814,393899.868,True,128.85,0.9329032258064516,0.7583870967741935
2017-01-31,2017,193625.874,193131.424,386757.298,True,129.91666666666666,0.9329032258064516,0.7583870967741935
2017-02-28,2017,195205.792,214025.302,409231.094,True,130.225,0.9299999999999999,0.7542857142857142
2017-03-31,2017,195562.513,215866.211,411428.724,True,130.51666666666668,0.9125806451612903,0.7296774193548387
2017-04-30,2017,198465.057,191358.15,389823.207,True,130.90833333333333,0.9599999999999999,0.7966666666666666
2017-05-31,2017,199302.156,189250.663,388552.819,True,131.01666666666668,0.9125806451612903,0.7296774193548387
2017-06-30,2017,218236.662,193380.779,411617.441,True,131.0,0.9179999999999999,0.7373333333333333
2017-07-31,2017,215138.722,200571.361,415710.083,True,131.04166666666666,1.0661290322580643,0.8999999999999999
2017-08-31,2017,217381.658,204528.633,421910.291,True,131.07500000000002,1.0980645161290323,0.9151612903225805
2017-09-30,2017,215908.032,212696.858,428604.89,True,131.30833333333334,1.264,1.0919999999999999
2017-10-31,2017,220436.91,195715.482,416152.392,True,131.45833333333334,1.287741935483871,1.1132258064516127
2017-11-30,2017,226712.092,211075.851,437787.943,True,131.84166666666667,1.2846666666666666,1.1039999999999999
2017-12-31,2017,226895.924,216673.619,443569.543,True,131.24166666666667,1.2919354838709676,1.1258064516129032
2018-01-31,2018,226901.082,195445.024,422346.106,True,132.13333333333333,1.372258064516129,1.1893548387096773
2018-02-28,2018,227635.204,216908.722,444543.926,True,132.96666666666667,1.4657142857142857,1.2899999999999998
2018-03-31,2018,230057.757,202367.351,432425.108,True,133.4,1.4651612903225808,1.2906451612903225
2018-04-30,2018,223778.574,201923.585,425702.159,True,133.67499999999998,1.464,1.292
2018-05-31,2018,223899.274,210458.039,434357.313,True,133.81666666666666,1.469032258064516,1.2861290322580645
2018-06-30,2018,224481.143,223373.153,447854.296,True,133.98333333333332,1.464,1.292
2018-07-31,2018,224788.111,211128.991,435917.102,True,134.74166666666667,1.5861290322580646,1.4116129032258065
2018-08-31,2018,224361.608,212754.863,437116.471,True,134.65,1.654516129032258,1.4716129032258063
2018-09-30,2018,225981.239,220963.414,446944.653,True,134.06666666666666,1.6266666666666665,1.4633333333333334
2018-10-31,2018,228446.351,209746.052,438192.403,True,134.53333333333333,1.7029032258064516,1.52
2018-11-30,2018,232879.201,216939.536,449818.737,True,133.92499999999998,1.8346666666666667,1.654
2018-12-31,2018,240531.072,220105.829,460636.901,True,133.90833333333333,1.7999999999999998,1.6338709677419354
2019-01-31,2019,235086.136,208761.918,443848.054,True,132.13,1.84,1.6570967741935483
2019-02-28,2019,234854.425,214833.29,449687.715,True,133.07999999999998,1.8228571428571427,1.647142857142857
2019-03-31,2019,235217.515,224258.103,459475.618,True,133.88,1.7999999999999998,1.6338709677419354
2019-04-30,2019,234350.959,223401.634,457752.593,True,134.31,1.8346666666666667,1.654
2019-05-31,2019,239033.2,223809.94,462843.14,True,134.95999999999998,1.84,1.6570967741935483
2019-06-30,2019,238742.48,225636.262,464378.742,True,134.75,1.7933333333333332,1.63
2019-07-31,2019,240397.252,219833.985,460231.237,True,135.44,1.84,1.6570967741935483
2019-08-31,2019,243520.13,223493.514,467013.644,True,135.24,1.82,1.645483870967742
2019-09-30,2019,244722.763,222073.207,466795.97,True,134.64000000000001,1.814,1.642
2019-10-31,2019,249062.733,216608.119,465670.852,True,135.07,1.84,1.6570967741935483
2019-11-30,2019,252976.752,227640.24,480616.992,True,134.85,1.814,1.642
2019-12-31,2019,252172.608,230884.662,483057.27,True,134.78,1.82,1.645483870967742
2020-01-31,2020,254380.339,222552.25,476932.589,True,135.12,1.84,1.6570967741935483
2020-02-29,2020,258075.234,233813.687,491888.921,True,135.89000000000001,1.8075862068965518,1.6382758620689655
2020-03-31,2020,274431.247,245208.762,519640.009,True,135.28,1.255483870967742,1.0809677419354837
2020-04-30,2020,283006.715,240631.852,523638.567,True,134.54000000000002,0.7346666666666667,0.5539999999999999
2020-05-31,2020,287504.787,251278.672,538783.459,True,134.77,0.7838709677419354,0.6177419354838709
2020-06-30,2020,290929.533,252282.209,543211.742,True,135.72,0.7346666666666667,0.5539999999999999
2020-07-31,2020,297894.6,247453.186,545347.786,True,135.74,0.7270967741935483,0.5441935483870967
2020-08-31,2020,304367.937,247002.547,551370.484,True,135.52,0.7838709677419354,0.6177419354838709
2020-09-30,2020,315004.315,234198.863,549203.178,True,135.43,0.7346666666666667,0.5539999999999999
2020-10-31,2020,320899.806,229286.948,550186.754,True,135.99,0.7554838709677418,0.5809677419354838
2020-11-30,2020,327474.561,236892.206,564366.767,True,136.23,0.7639999999999999,0.592
2020-12-31,2020,331720.021,241525.613,573245.634,True,135.87,0.7270967741935483,0.5809677419354838
2021-01-31,2021,328537.409,225502.981,554040.39,True,136.7,0.7838709677419354,0.6177419354838709
2021-02-28,2021,328327.477,247975.671,576303.148,True,137.3,0.7514285714285714,0.5757142857142856
2021-03-31,2021,329315.311,233497.913,562813.224,True,137.84,0.7270967741935483,0.5441935483870967
2021-04-30,2021,330902.114,225543.935,556446.049,True,138.57,0.7346666666666667,0.5539999999999999
2021-05-31,2021,335755.713,236076.023,571831.736,True,139.22,0.7838709677419354,0.6177419354838709
2021-06-30,2021,344260.095,248526.961,592787.056,True,139.2375,0.7346666666666667,0.5539999999999999
2021-07-31,2021,345960.343,238104.985,584065.328,True,140.05,0.7554838709677418,0.5809677419354838
2021-08-31,2021,351684.249,245344.022,597028.271,True,140.4,0.7554838709677418,0.5809677419354838
2021-09-30,2021,358816.561,260425.183,619241.744,True,140.6875,0.7346666666666667,0.592
2021-10-31,2021,359964.771,242429.597,602394.368,True,141.575,0.7838709677419354,0.6177419354838709
2021-11-30,2021,369975.164,268730.081,638705.245,True,141.7625,0.7346666666666667,0.5539999999999999
2021-12-31,2021,366896.318,272719.791,639616.109,True,141.6375,0.7270967741935483,0.6177419354838709
2022-01-31,2022,368685.417,261897.903,630583.32,True,142.8125,0.7838709677419354,0.6545161290322581
2022-02-28,2022,367333.652,271557.157,638890.809,True,144.0875,0.7514285714285714,0.5757142857142856
2022-03-31,2022,370128.363,280503.154,650631.517,True,145.9625,0.8964516129032257,0.7135483870967742
2022-04-30,2022,371878.725,275426.083,647304.808,True,146.8375,1.139,0.967
2022-05-31,2022,368649.709,284841.726,653491.435,True,148.725,1.287741935483871,1.1132258064516127
2022-06-30,2022,364103.373,290704.861,654808.234,True,149.55,1.6346666666666667,1.454
2022-07-31,2022,366344.678,292636.411,658981.089,True,150.0125,2.017741935483871,1.8516129032258064
2022-08-31,2022,370654.231,309816.503,680470.734,True,149.6,2.3522580645161293,2.177741935483871
2022-09-30,2022,374729.057,317933.24,692662.297,True,149.825,2.6933333333333334,2.567
2022-10-31,2022,369456.444,308611.442,678067.886,True,150.75,2.7961290322580643,2.698387096774194
2022-11-30,2022,369495.917,331855.753,701351.67,True,150.9,3.214,3.1206666666666667
2022-12-31,2022,364646.3,335996.026,700642.326,True,150.1,3.312258064516129,3.246774193548387
2023-01-31,2023,359287.615,316526.367,675813.982,True,150.75,3.5258064516129033,3.3596774193548384
2023-02-28,2023,361612.077,321730.411,683342.488,True,151.4375,3.6667857142857145,3.6114285714285717
2023-03-31,2023,352009.806,326443.264,678453.07,True,152.26250000000002,3.880322580645161,3.69741935483871
2023-04-30,2023,352973.125,334043.71,687016.835,True,153.2,3.514333333333333,3.463333333333333
2023-05-31,2023,351264.959,341849.905,693114.864,True,153.7625,3.7716129032258063,3.69741935483871
2023-06-30,2023,342728.566,350572.109,693300.675,True,153.8625,3.993,3.8123333333333336
2023-07-31,2023,346386.43,338726.863,685113.293,True,154.775,3.820322580645161,3.7709677419354835
2023-08-31,2023,349158.377,351417.147,700575.524,True,155.175,4.126451612903226,4.0683870967741935
2023-09-30,2023,349014.234,348173.564,697187.798,True,154.9375,3.96,3.917
2023-10-31,2023,352578.289,352741.89,705320.179,True,155.225,3.876774193548387,3.9519354838709675
2023-11-30,2023,353148.053,365117.372,718265.425,True,155.4,4.089,4.037333333333334
2023-12-31,2023,345742.413,371086.256,716828.669,True,154.8625,3.7519354838709678,3.8354838709677415
2024-01-31,2024,347500.36,358901.827,706402.187,True,154.7875,4.126451612903226,4.0683870967741935
2024-02-29,2024,350637.317,366826.432,717463.749,True,155.225,4.048965517241379,4.004137931034483
2024-03-31,2024,348040.437,366390.667,714431.104,True,156.2,3.876774193548387,3.8354838709677415
2024-04-30,2024,352137.012,362460.725,714597.737,True,156.8125,4.218,4.037333333333334
2024-05-31,2024,356041.003,367029.1,723070.103,True,157.7625,4.126451612903226,4.0683870967741935
2024-06-30,2024,354352.12,375116.698,729468.818,True,157.6125,3.8183333333333334,3.655
2024-07-31,2024,363481.704,361198.687,724680.391,True,158.3625,3.908709677419355,3.8425806451612905
2024-08-31,2024,358042.173,369248.926,727291.099,True,157.975,3.6629032258064513,3.597096774193548
2024-09-30,2024,365095.467,383431.768,748527.235,True,157.475,3.3726666666666665,3.417
2024-10-31,2024,377986.557,367104.047,745090.604,True,158.125,3.49741935483871,3.415161290322581
2024-11-30,2024,380998.285,379800.865,760799.15,True,158.05,3.1266666666666665,3.0420000000000003
2024-12-31,2024,391165.828,396835.854,788001.682,True,157.525,2.8848387096774193,2.8390322580645164
2025-01-31,2025,391010.052,371918.965,762929.017,True,157.525,2.868387096774194,2.7538709677419355
2025-02-28,2025,395198.928,384737.88,779936.808,True,159.2,2.6489285714285713,2.54
2025-03-31,2025,397240.61,389836.2,787076.81,True,159.675,2.541935483870968,2.3758064516129034
2025-04-30,2025,396251.047,368466.442,764717.489,True,159.825,2.5140000000000002,2.3873333333333333
2025-05-31,2025,395129.738,373381.823,768511.561,True,160.775,2.47741935483871,2.355161290322581
2025-06-30,2025,392339.914,383361.957,775701.871,True,160.875,2.5140000000000002,2.342
2025-07-31,2025,399215.432,375847.814,775063.246,True,161.35,2.529677419354839,2.3990322580645165
2025-08-31,2025,404669.339,377962.381,782631.72,True,161.125,2.4251612903225803,2.3112903225806454
2025-09-30,2025,407479.153,392782.418,800261.571,True,161.2375,2.393333333333333,2.3123333333333336
2025-10-31,2025,416230.397,374175.548,790405.945,True,161.7625,2.336129032258065,2.1616129032258065
2025-11-30,2025,417212.792,397153.704,814366.496,True,161.7125,2.0893333333333333,1.9633333333333334
2025-12-31,2025,421057.75,380676.218,801733.968,True,161.425,2.138709677419355,1.9725806451612902
2026-01-31,2026,418988.674,379862.968,798851.642,False,161.3,2.138709677419355,2.0003225806451614
2026-02-28,2026,424847.994,385096.45,809944.444,False,162.2125,2.14,2.004285714285714
2026-03-31,2026,434523.38,375373.79,809897.17,False,163.3375,2.1748387096774193,2.0003225806451614
2026-04-30,2026,434569.386,378567.73,813137.116,False,163.8375,2.164,2.0206666666666666
